<ImportExportXml xmlns:xsi="http://www.w3.org/2001/XMLSchema-instance">
  <Entities></Entities>
  <Roles></Roles>
  <Workflows>
    <Workflow WorkflowId="{b4560b99-44ea-4dc4-aca8-bd517a9206ca}" Name="Send Birthday Greeting To all relevant Contacts">
      <XamlFileName>/Workflows/SendBirthdayGreetingToallrelevantContacts-B4560B99-44EA-4DC4-ACA8-BD517A9206CA.xaml</XamlFileName>
      <Type>1</Type>
      <Subprocess>0</Subprocess>
      <Category>3</Category>
      <Mode>0</Mode>
      <Scope>4</Scope>
      <OnDemand>0</OnDemand>
      <TriggerOnCreate>0</TriggerOnCreate>
      <TriggerOnDelete>0</TriggerOnDelete>
      <AsyncAutodelete>0</AsyncAutodelete>
      <SyncWorkflowLogOnFailure>1</SyncWorkflowLogOnFailure>
      <StateCode>1</StateCode>
      <StatusCode>2</StatusCode>
      <CreateStage>40</CreateStage>
      <RunAs>1</RunAs>
      <SdkMessageId>{de8449be-ec00-e811-a950-000d3a1bece3}</SdkMessageId>
      <UniqueName>SendBirthdayGreetings</UniqueName>
      <IsTransacted>1</IsTransacted>
      <IntroducedVersion>1.0.0.0</IntroducedVersion>
      <IsCustomizable>1</IsCustomizable>
      <FormId>{00000000-0000-0000-0000-000000000000}</FormId>
      <PrimaryEntity>none</PrimaryEntity>
      <LocalizedNames>
        <LocalizedName languagecode="1033" description="Send Birthday Greeting To all relevant Contacts" />
      </LocalizedNames>
    </Workflow>
  </Workflows>
  <FieldSecurityProfiles></FieldSecurityProfiles>
  <Templates />
  <EntityMaps />
  <EntityRelationships />
  <OrganizationSettings />
  <optionsets />
  <SolutionPluginAssemblies>
    <PluginAssembly FullName="Extending.Dyn365.v9.CustomWorkflowActivity, Version=2.0.0.0, Culture=neutral, PublicKeyToken=d5af913b353d5736" PluginAssemblyId="35d79eb6-4ddd-400c-893a-bb0a8b20c87e" CustomizationLevel="1">
      <IsolationMode>2</IsolationMode>
      <SourceType>0</SourceType>
      <IntroducedVersion>1.0</IntroducedVersion>
      <FileName>/PluginAssemblies/ExtendingDyn365v9CustomWorkflowActivity-35D79EB6-4DDD-400C-893A-BB0A8B20C87E/ExtendingDyn365v9CustomWorkflowActivity.dll</FileName>
      <PluginTypes>
        <PluginType AssemblyQualifiedName="Extending.Dyn365.v9.CustomWorkflowActivity.SendBirthdayGreeting, Extending.Dyn365.v9.CustomWorkflowActivity, Version=2.0.0.0, Culture=neutral, PublicKeyToken=d5af913b353d5736" PluginTypeId="14b2e2ee-4c2d-49ac-8980-1706fffa774f" Name="SendBirthdayGreeting">
          <FriendlyName>SendBirthdayGreeting</FriendlyName>
          <WorkflowActivityGroupName>Extending Dyn365 Samples</WorkflowActivityGroupName>
        </PluginType>
      </PluginTypes>
    </PluginAssembly>
  </SolutionPluginAssemblies>
  <EntityDataProviders />
  <Languages>
    <Language>1033</Language>
  </Languages>
</ImportExportXml>